SET @global_start_value = @@global.init_replica;
SELECT @global_start_value AS INIT_VALUE;
INIT_VALUE

'#--------------------FN_DYNVARS_037_01------------------#'
SELECT init_replica;
ERROR 42S22: Unknown column 'init_replica' in 'field list'
SELECT @@init_replica;
@@init_replica

SET @@global.init_replica='SET autocomit=0';
SELECT @@global.init_replica;
@@global.init_replica
SET autocomit=0
SET global init_replica='SET autocomit=0';
SELECT global init_replica;
ERROR 42S22: Unknown column 'global' in 'field list'
SELECT @@global init_replica;
ERROR 42000: You have an error in your SQL syntax; check the manual that corresponds to your MySQL server version for the right syntax to use near 'init_replica' at line 1
'#--------------------FN_DYNVARS_037_02-------------------------#'
SET @@global.init_replica = 'SET join_buffer_size=8200';
SET @@global.init_replica = DEFAULT;
SELECT @@global.init_replica;
@@global.init_replica

'#--------------------FN_DYNVARS_037_03-------------------------#'
SET @@session.init_replica = '';
ERROR HY000: Variable 'init_replica' is a GLOBAL variable and should be set with SET GLOBAL
SET @@init_replica = "";
ERROR HY000: Variable 'init_replica' is a GLOBAL variable and should be set with SET GLOBAL
SELECT @@session.init_replica;
ERROR HY000: Variable 'init_replica' is a GLOBAL variable
SELECT @@local.init_replica;
ERROR HY000: Variable 'init_replica' is a GLOBAL variable
'#--------------------FN_DYNVARS_037_04-------------------------#'
SET @@global.init_replica="";
SELECT @@global.init_replica;
@@global.init_replica

SET @@global.init_replica='SELECT 1,"abc"';
SELECT @@global.init_replica;
@@global.init_replica
SELECT 1,"abc"
SET @@global.init_replica='SET @a="b"';
SELECT @@global.init_replica;
@@global.init_replica
SET @a="b"
SET @@global.init_replica="SET autocomit=1;REVOKE ALL ON INFORMATION_SCHEMA.*";
SELECT @@global.init_replica;
@@global.init_replica
SET autocomit=1;REVOKE ALL ON INFORMATION_SCHEMA.*
SET @@global.init_replica='SHOW VARIABLES';
SELECT @@global.init_replica;
@@global.init_replica
SHOW VARIABLES
SET @@global.init_replica = NULL;
SELECT @@global.init_replica;
@@global.init_replica

SET @@global.init_replica='abc 123 +-*/';
SELECT @@global.init_replica;
@@global.init_replica
abc 123 +-*/
SET @@global.init_replica=this_will_give_syntax_error;
SELECT @@global.init_replica;
@@global.init_replica
this_will_give_syntax_error
SET @@global.init_replica = init_replica;
SELECT @@global.init_replica;
@@global.init_replica
init_replica
'#--------------------FN_DYNVARS_037_05-------------------------#'
SET @@global.init_replica = true;
ERROR 42000: Incorrect argument type to variable 'init_replica'
SET @@global.init_replica = false;
ERROR 42000: Incorrect argument type to variable 'init_replica'
SET @@global.init_replica = 1.1;
ERROR 42000: Incorrect argument type to variable 'init_replica'
SET @@global.init_replica = 0;
ERROR 42000: Incorrect argument type to variable 'init_replica'
SET @@global.init_replica = 1;
ERROR 42000: Incorrect argument type to variable 'init_replica'
SET @@global.init_replica = -1;
ERROR 42000: Incorrect argument type to variable 'init_replica'
SET @@global.init_replica = ON;
SELECT @@global.init_replica;
@@global.init_replica
ON
'#--------------------FN_DYNVARS_037_06-------------------------#'
SELECT @@global.init_replica = (SELECT VARIABLE_VALUE 
FROM INFORMATION_SCHEMA.GLOBAL_VARIABLES 
WHERE VARIABLE_NAME='init_replica') AS res;
res
1
SET @@global.init_replica = @global_start_value;
SELECT @@global.init_replica;
@@global.init_replica

